Workbook

Sheet Old and new numbering
A1: Old No | B1: Prior | C1: Gremlins (total) | D1: Black-eyed | E1: White-eyed | F1: FP rate | G1: FN rate | H1: New No
A2: 1 | B2: 0.1 | C2: 2 | D2: 0 | E2: 0 | F2: 0 | G2: 0 | H2: 1
A3: 2 | B3: 0.1 | C3: 3 | D3: 1 | E3: 0 | F3: 0.33333333 | G3: 0 | H3: 4
A4: 3 | B4: 0.1 | C4: 3 | D4: 0 | E4: 1 | F4: 0 | G4: 0.33333333 | H4: 5
A5: 4 | B5: 0.1 | C5: 3 | D5: 1 | E5: 1 | F5: 0.33333333 | G5: 0.33333333 | H5: 6
A6: 5 | B6: 0.1 | C6: 5 | D6: 1 | E6: 0 | F6: 0.2 | G6: 0 | H6: 7
A7: 6 | B7: 0.1 | C7: 5 | D7: 0 | E7: 1 | F7: 0 | G7: 0.2 | H7: 8
A8: 7 | B8: 0.1 | C8: 5 | D8: 1 | E8: 1 | F8: 0.2 | G8: 0.2 | H8: 9
A9: 8 | B9: 0.2 | C9: 2 | D9: 0 | E9: 0 | F9: 0 | G9: 0 | H9: 13
A10: 9 | B10: 0.2 | C10: 3 | D10: 1 | E10: 0 | F10: 0.33333333 | G10: 0 | H10: 16
A11: 10 | B11: 0.2 | C11: 3 | D11: 0 | E11: 1 | F11: 0 | G11: 0.33333333 | H11: 17
A12: 11 | B12: 0.2 | C12: 3 | D12: 1 | E12: 1 | F12: 0.33333333 | G12: 0.33333333 | H12: 18
A13: 12 | B13: 0.2 | C13: 5 | D13: 1 | E13: 0 | F13: 0.2 | G13: 0 | H13: 19
... A49: 48 | B49: 0.5 | C49: 2 | D49: 0 | E49: 1 | F49: 0 | G49: 0.5 | H49: 39

Sheet New numbering
A1: New No | B1: Prior | C1: Gremlins (total) | D1: Black-eyed | E1: White-eyed | F1: FP rate | G1: FN rate
A2: 1 | B2: 0.1 | C2: 2 | D2: 0 | E2: 0 | F2: 0 | G2: 0
A3: 2 | B3: 0.1 | C3: 2 | D3: 1 | E3: 0 | F3: 0.5 | G3: 0
A4: 3 | B4: 0.1 | C4: 2 | D4: 0 | E4: 1 | F4: 0 | G4: 0.5
A5: 4 | B5: 0.1 | C5: 3 | D5: 1 | E5: 0 | F5: 0.33333333 | G5: 0
A6: 5 | B6: 0.1 | C6: 3 | D6: 0 | E6: 1 | F6: 0 | G6: 0.33333333
A7: 6 | B7: 0.1 | C7: 3 | D7: 1 | E7: 1 | F7: 0.33333333 | G7: 0.33333333
A8: 7 | B8: 0.1 | C8: 5 | D8: 1 | E8: 0 | F8: 0.2 | G8: 0
A9: 8 | B9: 0.1 | C9: 5 | D9: 0 | E9: 1 | F9: 0 | G9: 0.2
A10: 9 | B10: 0.1 | C10: 5 | D10: 1 | E10: 1 | F10: 0.2 | G10: 0.2
A11: 10 | B11: 0.1 | C11: 7 | D11: 2 | E11: 0 | F11: 0.29 | G11: 0
A12: 11 | B12: 0.1 | C12: 7 | D12: 0 | E12: 2 | F12: 0 | G12: 0.29
A13: 12 | B13: 0.1 | C13: 7 | D13: 1 | E13: 1 | F13: 0.14 | G13: 0.14
... A49: 48 | B49: 0.5 | C49: 7 | D49: 1 | E49: 1 | F49: 0.14 | G49: 0.14

Sheet Old Sequence
A1: Sequence N | B1: Round 1 | C1: Round 2 | D1: Round 3 | E1: Round 4 | F1: Round 5 | G1: Round 6
A2: 1 | B2: 1 | C2: 2 | D2: 4 | E2: 15 | F2: 16 | G2: 18
A3: 2 | B3: 1 | C3: 3 | D3: 5 | E3: 15 | F3: 17 | G3: 19
A4: 3 | B4: 1 | C4: 6 | D4: 7 | E4: 15 | F4: 20 | G4: 21
A5: 4 | B5: 8 | C5: 9 | D5: 11 | E5: 22 | F5: 23 | G5: 25
A6: 5 | B6: 8 | C6: 10 | D6: 12 | E6: 22 | F6: 24 | G6: 26
A7: 6 | B7: 8 | C7: 13 | D7: 14 | E7: 22 | F7: 27 | G7: 28
A8: 7 | B8: 15 | C8: 35 | D8: 36 | E8: 1 | F8: 29 | G8: 30
A9: 8 | B9: 15 | C9: 37 | D9: 35 | E9: 1 | F9: 31 | G9: 29
A10: 9 | B10: 15 | C10: 37 | D10: 36 | E10: 1 | F10: 31 | G10: 30
A11: 10 | B11: 15 | C11: 45 | D11: 46 | E11: 1 | F11: 41 | G11: 42
A12: 11 | B12: 15 | C12: 46 | D12: 45 | E12: 1 | F12: 42 | G12: 41
A13: 12 | B13: 15 | C13: 16 | D13: 18 | E13: 1 | F13: 2 | G13: 4
... A33: 32 | B33: 8 | C33: 44 | D33: 43 | E33: 22 | F33: 48 | G33: 47

Sheet Sequence with New Numbering
A1: No | B1: Round 1 | C1: Round 2 | D1: Round 3 | E1: Round 4 | F1: Round 5 | G1: Round 6
A2: 1 | B2: =LOOKUP('Old Sequence'!B27,'Old and new numbering'!$A$2:$A$49,'Old and new numbering'!$H$2:$H$49) -> 1 | C2: =LOOKUP('Old Sequence'!C27,'Old and new numbering'!$A$2:$A$49,'Old and new numbering'!$H$2:$H$49) -> 2 | D2: =LOOKUP('Old Sequence'!D27,'Old and new numbering'!$A$2:$A$49,'Old and new numbering'!$H$2:$H$49) -> 3 | E2: =LOOKUP('Old Sequence'!E27,'Old and new numbering'!$A$2:$A$49,'Old and new numbering'!$H$2:$H$49) -> 25 | F2: =LOOKUP('Old Sequence'!F27,'Old and new numbering'!$A$2:$A$49,'Old and new numbering'!$H$2:$H$49) -> 26 | G2: =LOOKUP('Old Sequence'!G27,'Old and new numbering'!$A$2:$A$49,'Old and new numbering'!$H$2:$H$49) -> 27
A3: 2 | B3: =LOOKUP('Old Sequence'!B28,'Old and new numbering'!$A$2:$A$49,'Old and new numbering'!$H$2:$H$49) -> 1 | C3: =LOOKUP('Old Sequence'!C28,'Old and new numbering'!$A$2:$A$49,'Old and new numbering'!$H$2:$H$49) -> 3 | D3: =LOOKUP('Old Sequence'!D28,'Old and new numbering'!$A$2:$A$49,'Old and new numbering'!$H$2:$H$49) -> 2 | E3: =LOOKUP('Old Sequence'!E28,'Old and new numbering'!$A$2:$A$49,'Old and new numbering'!$H$2:$H$49) -> 25 | F3: =LOOKUP('Old Sequence'!F28,'Old and new numbering'!$A$2:$A$49,'Old and new numbering'!$H$2:$H$49) -> 27 | G3: =LOOKUP('Old Sequence'!G28,'Old and new numbering'!$A$2:$A$49,'Old and new numbering'!$H$2:$H$49) -> 26
A4: 3 | B4: =LOOKUP('Old Sequence'!B2,'Old and new numbering'!$A$2:$A$49,'Old and new numbering'!$H$2:$H$49) -> 1 | C4: =LOOKUP('Old Sequence'!C2,'Old and new numbering'!$A$2:$A$49,'Old and new numbering'!$H$2:$H$49) -> 4 | D4: =LOOKUP('Old Sequence'!D2,'Old and new numbering'!$A$2:$A$49,'Old and new numbering'!$H$2:$H$49) -> 6 | E4: =LOOKUP('Old Sequence'!E2,'Old and new numbering'!$A$2:$A$49,'Old and new numbering'!$H$2:$H$49) -> 25 | F4: =LOOKUP('Old Sequence'!F2,'Old and new numbering'!$A$2:$A$49,'Old and new numbering'!$H$2:$H$49) -> 28 | G4: =LOOKUP('Old Sequence'!G2,'Old and new numbering'!$A$2:$A$49,'Old and new numbering'!$H$2:$H$49) -> 30
A5: 4 | B5: =LOOKUP('Old Sequence'!B3,'Old and new numbering'!$A$2:$A$49,'Old and new numbering'!$H$2:$H$49) -> 1 | C5: =LOOKUP('Old Sequence'!C3,'Old and new numbering'!$A$2:$A$49,'Old and new numbering'!$H$2:$H$49) -> 5 | D5: =LOOKUP('Old Sequence'!D3,'Old and new numbering'!$A$2:$A$49,'Old and new numbering'!$H$2:$H$49) -> 7 | E5: =LOOKUP('Old Sequence'!E3,'Old and new numbering'!$A$2:$A$49,'Old and new numbering'!$H$2:$H$49) -> 25 | F5: =LOOKUP('Old Sequence'!F3,'Old and new numbering'!$A$2:$A$49,'Old and new numbering'!$H$2:$H$49) -> 29 | G5: =LOOKUP('Old Sequence'!G3,'Old and new numbering'!$A$2:$A$49,'Old and new numbering'!$H$2:$H$49) -> 31
A6: 5 | B6: =LOOKUP('Old Sequence'!B4,'Old and new numbering'!$A$2:$A$49,'Old and new numbering'!$H$2:$H$49) -> 1 | C6: =LOOKUP('Old Sequence'!C4,'Old and new numbering'!$A$2:$A$49,'Old and new numbering'!$H$2:$H$49) -> 8 | D6: =LOOKUP('Old Sequence'!D4,'Old and new numbering'!$A$2:$A$49,'Old and new numbering'!$H$2:$H$49) -> 9 | E6: =LOOKUP('Old Sequence'!E4,'Old and new numbering'!$A$2:$A$49,'Old and new numbering'!$H$2:$H$49) -> 25 | F6: =LOOKUP('Old Sequence'!F4,'Old and new numbering'!$A$2:$A$49,'Old and new numbering'!$H$2:$H$49) -> 32 | G6: =LOOKUP('Old Sequence'!G4,'Old and new numbering'!$A$2:$A$49,'Old and new numbering'!$H$2:$H$49) -> 33
A7: 6 | B7: =LOOKUP('Old Sequence'!B24,'Old and new numbering'!$A$2:$A$49,'Old and new numbering'!$H$2:$H$49) -> 1 | C7: =LOOKUP('Old Sequence'!C24,'Old and new numbering'!$A$2:$A$49,'Old and new numbering'!$H$2:$H$49) -> 10 | D7: =LOOKUP('Old Sequence'!D24,'Old and new numbering'!$A$2:$A$49,'Old and new numbering'!$H$2:$H$49) -> 11 | E7: =LOOKUP('Old Sequence'!E24,'Old and new numbering'!$A$2:$A$49,'Old and new numbering'!$H$2:$H$49) -> 25 | F7: =LOOKUP('Old Sequence'!F24,'Old and new numbering'!$A$2:$A$49,'Old and new numbering'!$H$2:$H$49) -> 34 | G7: =LOOKUP('Old Sequence'!G24,'Old and new numbering'!$A$2:$A$49,'Old and new numbering'!$H$2:$H$49) -> 35
A8: 7 | B8: =LOOKUP('Old Sequence'!B25,'Old and new numbering'!$A$2:$A$49,'Old and new numbering'!$H$2:$H$49) -> 1 | C8: =LOOKUP('Old Sequence'!C25,'Old and new numbering'!$A$2:$A$49,'Old and new numbering'!$H$2:$H$49) -> 12 | D8: =LOOKUP('Old Sequence'!D25,'Old and new numbering'!$A$2:$A$49,'Old and new numbering'!$H$2:$H$49) -> 10 | E8: =LOOKUP('Old Sequence'!E25,'Old and new numbering'!$A$2:$A$49,'Old and new numbering'!$H$2:$H$49) -> 25 | F8: =LOOKUP('Old Sequence'!F25,'Old and new numbering'!$A$2:$A$49,'Old and new numbering'!$H$2:$H$49) -> 36 | G8: =LOOKUP('Old Sequence'!G25,'Old and new numbering'!$A$2:$A$49,'Old and new numbering'!$H$2:$H$49) -> 34
A9: 8 | B9: =LOOKUP('Old Sequence'!B26,'Old and new numbering'!$A$2:$A$49,'Old and new numbering'!$H$2:$H$49) -> 1 | C9: =LOOKUP('Old Sequence'!C26,'Old and new numbering'!$A$2:$A$49,'Old and new numbering'!$H$2:$H$49) -> 12 | D9: =LOOKUP('Old Sequence'!D26,'Old and new numbering'!$A$2:$A$49,'Old and new numbering'!$H$2:$H$49) -> 11 | E9: =LOOKUP('Old Sequence'!E26,'Old and new numbering'!$A$2:$A$49,'Old and new numbering'!$H$2:$H$49) -> 25 | F9: =LOOKUP('Old Sequence'!F26,'Old and new numbering'!$A$2:$A$49,'Old and new numbering'!$H$2:$H$49) -> 36 | G9: =LOOKUP('Old Sequence'!G26,'Old and new numbering'!$A$2:$A$49,'Old and new numbering'!$H$2:$H$49) -> 35
A10: 9 | B10: =LOOKUP('Old Sequence'!B11,'Old and new numbering'!$A$2:$A$49,'Old and new numbering'!$H$2:$H$49) -> 25 | C10: =LOOKUP('Old Sequence'!C11,'Old and new numbering'!$A$2:$A$49,'Old and new numbering'!$H$2:$H$49) -> 26 | D10: =LOOKUP('Old Sequence'!D11,'Old and new numbering'!$A$2:$A$49,'Old and new numbering'!$H$2:$H$49) -> 27 | E10: =LOOKUP('Old Sequence'!E11,'Old and new numbering'!$A$2:$A$49,'Old and new numbering'!$H$2:$H$49) -> 1 | F10: =LOOKUP('Old Sequence'!F11,'Old and new numbering'!$A$2:$A$49,'Old and new numbering'!$H$2:$H$49) -> 2 | G10: =LOOKUP('Old Sequence'!G11,'Old and new numbering'!$A$2:$A$49,'Old and new numbering'!$H$2:$H$49) -> 3
A11: 10 | B11: =LOOKUP('Old Sequence'!B12,'Old and new numbering'!$A$2:$A$49,'Old and new numbering'!$H$2:$H$49) -> 25 | C11: =LOOKUP('Old Sequence'!C12,'Old and new numbering'!$A$2:$A$49,'Old and new numbering'!$H$2:$H$49) -> 27 | D11: =LOOKUP('Old Sequence'!D12,'Old and new numbering'!$A$2:$A$49,'Old and new numbering'!$H$2:$H$49) -> 26 | E11: =LOOKUP('Old Sequence'!E12,'Old and new numbering'!$A$2:$A$49,'Old and new numbering'!$H$2:$H$49) -> 1 | F11: =LOOKUP('Old Sequence'!F12,'Old and new numbering'!$A$2:$A$49,'Old and new numbering'!$H$2:$H$49) -> 3 | G11: =LOOKUP('Old Sequence'!G12,'Old and new numbering'!$A$2:$A$49,'Old and new numbering'!$H$2:$H$49) -> 2
A12: 11 | B12: =LOOKUP('Old Sequence'!B13,'Old and new numbering'!$A$2:$A$49,'Old and new numbering'!$H$2:$H$49) -> 25 | C12: =LOOKUP('Old Sequence'!C13,'Old and new numbering'!$A$2:$A$49,'Old and new numbering'!$H$2:$H$49) -> 28 | D12: =LOOKUP('Old Sequence'!D13,'Old and new numbering'!$A$2:$A$49,'Old and new numbering'!$H$2:$H$49) -> 30 | E12: =LOOKUP('Old Sequence'!E13,'Old and new numbering'!$A$2:$A$49,'Old and new numbering'!$H$2:$H$49) -> 1 | F12: =LOOKUP('Old Sequence'!F13,'Old and new numbering'!$A$2:$A$49,'Old and new numbering'!$H$2:$H$49) -> 4 | G12: =LOOKUP('Old Sequence'!G13,'Old and new numbering'!$A$2:$A$49,'Old and new numbering'!$H$2:$H$49) -> 6
A13: 12 | B13: =LOOKUP('Old Sequence'!B14,'Old and new numbering'!$A$2:$A$49,'Old and new numbering'!$H$2:$H$49) -> 25 | C13: =LOOKUP('Old Sequence'!C14,'Old and new numbering'!$A$2:$A$49,'Old and new numbering'!$H$2:$H$49) -> 29 | D13: =LOOKUP('Old Sequence'!D14,'Old and new numbering'!$A$2:$A$49,'Old and new numbering'!$H$2:$H$49) -> 31 | E13: =LOOKUP('Old Sequence'!E14,'Old and new numbering'!$A$2:$A$49,'Old and new numbering'!$H$2:$H$49) -> 1 | F13: =LOOKUP('Old Sequence'!F14,'Old and new numbering'!$A$2:$A$49,'Old and new numbering'!$H$2:$H$49) -> 5 | G13: =LOOKUP('Old Sequence'!G14,'Old and new numbering'!$A$2:$A$49,'Old and new numbering'!$H$2:$H$49) -> 7
A14: 13 | B14: =LOOKUP('Old Sequence'!B15,'Old and new numbering'!$A$2:$A$49,'Old and new numbering'!$H$2:$H$49) -> 25 | C14: =LOOKUP('Old Sequence'!C15,'Old and new numbering'!$A$2:$A$49,'Old and new numbering'!$H$2:$H$49) -> 32 | D14: =LOOKUP('Old Sequence'!D15,'Old and new numbering'!$A$2:$A$49,'Old and new numbering'!$H$2:$H$49) -> 33 | E14: =LOOKUP('Old Sequence'!E15,'Old and new numbering'!$A$2:$A$49,'Old and new numbering'!$H$2:$H$49) -> 1 | F14: =LOOKUP('Old Sequence'!F15,'Old and new numbering'!$A$2:$A$49,'Old and new numbering'!$H$2:$H$49) -> 8 | G14: =LOOKUP('Old Sequence'!G15,'Old and new numbering'!$A$2:$A$49,'Old and new numbering'!$H$2:$H$49) -> 9
A15: 14 | B15: =LOOKUP('Old Sequence'!B8,'Old and new numbering'!$A$2:$A$49,'Old and new numbering'!$H$2:$H$49) -> 25 | C15: =LOOKUP('Old Sequence'!C8,'Old and new numbering'!$A$2:$A$49,'Old and new numbering'!$H$2:$H$49) -> 34 | D15: =LOOKUP('Old Sequence'!D8,'Old and new numbering'!$A$2:$A$49,'Old and new numbering'!$H$2:$H$49) -> 35 | E15: =LOOKUP('Old Sequence'!E8,'Old and new numbering'!$A$2:$A$49,'Old and new numbering'!$H$2:$H$49) -> 1 | F15: =LOOKUP('Old Sequence'!F8,'Old and new numbering'!$A$2:$A$49,'Old and new numbering'!$H$2:$H$49) -> 10 | G15: =LOOKUP('Old Sequence'!G8,'Old and new numbering'!$A$2:$A$49,'Old and new numbering'!$H$2:$H$49) -> 11
A16: 15 | B16: =LOOKUP('Old Sequence'!B9,'Old and new numbering'!$A$2:$A$49,'Old and new numbering'!$H$2:$H$49) -> 25 | C16: =LOOKUP('Old Sequence'!C9,'Old and new numbering'!$A$2:$A$49,'Old and new numbering'!$H$2:$H$49) -> 36 | D16: =LOOKUP('Old Sequence'!D9,'Old and new numbering'!$A$2:$A$49,'Old and new numbering'!$H$2:$H$49) -> 34 | E16: =LOOKUP('Old Sequence'!E9,'Old and new numbering'!$A$2:$A$49,'Old and new numbering'!$H$2:$H$49) -> 1 | F16: =LOOKUP('Old Sequence'!F9,'Old and new numbering'!$A$2:$A$49,'Old and new numbering'!$H$2:$H$49) -> 12 | G16: =LOOKUP('Old Sequence'!G9,'Old and new numbering'!$A$2:$A$49,'Old and new numbering'!$H$2:$H$49) -> 10
A17: 16 | B17: =LOOKUP('Old Sequence'!B10,'Old and new numbering'!$A$2:$A$49,'Old and new numbering'!$H$2:$H$49) -> 25 | C17: =LOOKUP('Old Sequence'!C10,'Old and new numbering'!$A$2:$A$49,'Old and new numbering'!$H$2:$H$49) -> 36 | D17: =LOOKUP('Old Sequence'!D10,'Old and new numbering'!$A$2:$A$49,'Old and new numbering'!$H$2:$H$49) -> 35 | E17: =LOOKUP('Old Sequence'!E10,'Old and new numbering'!$A$2:$A$49,'Old and new numbering'!$H$2:$H$49) -> 1 | F17: =LOOKUP('Old Sequence'!F10,'Old and new numbering'!$A$2:$A$49,'Old and new numbering'!$H$2:$H$49) -> 12 | G17: =LOOKUP('Old Sequence'!G10,'Old and new numbering'!$A$2:$A$49,'Old and new numbering'!$H$2:$H$49) -> 11
A18: 17 | B18: =LOOKUP('Old Sequence'!B32,'Old and new numbering'!$A$2:$A$49,'Old and new numbering'!$H$2:$H$49) -> 13 | C18: =LOOKUP('Old Sequence'!C32,'Old and new numbering'!$A$2:$A$49,'Old and new numbering'!$H$2:$H$49) -> 14 | D18: =LOOKUP('Old Sequence'!D32,'Old and new numbering'!$A$2:$A$49,'Old and new numbering'!$H$2:$H$49) -> 15 | E18: =LOOKUP('Old Sequence'!E32,'Old and new numbering'!$A$2:$A$49,'Old and new numbering'!$H$2:$H$49) -> 37 | F18: =LOOKUP('Old Sequence'!F32,'Old and new numbering'!$A$2:$A$49,'Old and new numbering'!$H$2:$H$49) -> 38 | G18: =LOOKUP('Old Sequence'!G32,'Old and new numbering'!$A$2:$A$49,'Old and new numbering'!$H$2:$H$49) -> 39
A19: 18 | B19: =LOOKUP('Old Sequence'!B33,'Old and new numbering'!$A$2:$A$49,'Old and new numbering'!$H$2:$H$49) -> 13 | C19: =LOOKUP('Old Sequence'!C33,'Old and new numbering'!$A$2:$A$49,'Old and new numbering'!$H$2:$H$49) -> 15 | D19: =LOOKUP('Old Sequence'!D33,'Old and new numbering'!$A$2:$A$49,'Old and new numbering'!$H$2:$H$49) -> 14 | E19: =LOOKUP('Old Sequence'!E33,'Old and new numbering'!$A$2:$A$49,'Old and new numbering'!$H$2:$H$49) -> 37 | F19: =LOOKUP('Old Sequence'!F33,'Old and new numbering'!$A$2:$A$49,'Old and new numbering'!$H$2:$H$49) -> 39 | G19: =LOOKUP('Old Sequence'!G33,'Old and new numbering'!$A$2:$A$49,'Old and new numbering'!$H$2:$H$49) -> 38
A20: 19 | B20: =LOOKUP('Old Sequence'!B5,'Old and new numbering'!$A$2:$A$49,'Old and new numbering'!$H$2:$H$49) -> 13 | C20: =LOOKUP('Old Sequence'!C5,'Old and new numbering'!$A$2:$A$49,'Old and new numbering'!$H$2:$H$49) -> 16 | D20: =LOOKUP('Old Sequence'!D5,'Old and new numbering'!$A$2:$A$49,'Old and new numbering'!$H$2:$H$49) -> 18 | E20: =LOOKUP('Old Sequence'!E5,'Old and new numbering'!$A$2:$A$49,'Old and new numbering'!$H$2:$H$49) -> 37 | F20: =LOOKUP('Old Sequence'!F5,'Old and new numbering'!$A$2:$A$49,'Old and new numbering'!$H$2:$H$49) -> 40 | G20: =LOOKUP('Old Sequence'!G5,'Old and new numbering'!$A$2:$A$49,'Old and new numbering'!$H$2:$H$49) -> 42
A21: 20 | B21: =LOOKUP('Old Sequence'!B6,'Old and new numbering'!$A$2:$A$49,'Old and new numbering'!$H$2:$H$49) -> 13 | C21: =LOOKUP('Old Sequence'!C6,'Old and new numbering'!$A$2:$A$49,'Old and new numbering'!$H$2:$H$49) -> 17 | D21: =LOOKUP('Old Sequence'!D6,'Old and new numbering'!$A$2:$A$49,'Old and new numbering'!$H$2:$H$49) -> 19 | E21: =LOOKUP('Old Sequence'!E6,'Old and new numbering'!$A$2:$A$49,'Old and new numbering'!$H$2:$H$49) -> 37 | F21: =LOOKUP('Old Sequence'!F6,'Old and new numbering'!$A$2:$A$49,'Old and new numbering'!$H$2:$H$49) -> 41 | G21: =LOOKUP('Old Sequence'!G6,'Old and new numbering'!$A$2:$A$49,'Old and new numbering'!$H$2:$H$49) -> 43
A22: 21 | B22: =LOOKUP('Old Sequence'!B7,'Old and new numbering'!$A$2:$A$49,'Old and new numbering'!$H$2:$H$49) -> 13 | C22: =LOOKUP('Old Sequence'!C7,'Old and new numbering'!$A$2:$A$49,'Old and new numbering'!$H$2:$H$49) -> 20 | D22: =LOOKUP('Old Sequence'!D7,'Old and new numbering'!$A$2:$A$49,'Old and new numbering'!$H$2:$H$49) -> 21 | E22: =LOOKUP('Old Sequence'!E7,'Old and new numbering'!$A$2:$A$49,'Old and new numbering'!$H$2:$H$49) -> 37 | F22: =LOOKUP('Old Sequence'!F7,'Old and new numbering'!$A$2:$A$49,'Old and new numbering'!$H$2:$H$49) -> 44 | G22: =LOOKUP('Old Sequence'!G7,'Old and new numbering'!$A$2:$A$49,'Old and new numbering'!$H$2:$H$49) -> 45
A23: 22 | B23: =LOOKUP('Old Sequence'!B29,'Old and new numbering'!$A$2:$A$49,'Old and new numbering'!$H$2:$H$49) -> 13 | C23: =LOOKUP('Old Sequence'!C29,'Old and new numbering'!$A$2:$A$49,'Old and new numbering'!$H$2:$H$49) -> 22 | D23: =LOOKUP('Old Sequence'!D29,'Old and new numbering'!$A$2:$A$49,'Old and new numbering'!$H$2:$H$49) -> 23 | E23: =LOOKUP('Old Sequence'!E29,'Old and new numbering'!$A$2:$A$49,'Old and new numbering'!$H$2:$H$49) -> 37 | F23: =LOOKUP('Old Sequence'!F29,'Old and new numbering'!$A$2:$A$49,'Old and new numbering'!$H$2:$H$49) -> 46 | G23: =LOOKUP('Old Sequence'!G29,'Old and new numbering'!$A$2:$A$49,'Old and new numbering'!$H$2:$H$49) -> 47
A24: 23 | B24: =LOOKUP('Old Sequence'!B30,'Old and new numbering'!$A$2:$A$49,'Old and new numbering'!$H$2:$H$49) -> 13 | C24: =LOOKUP('Old Sequence'!C30,'Old and new numbering'!$A$2:$A$49,'Old and new numbering'!$H$2:$H$49) -> 24 | D24: =LOOKUP('Old Sequence'!D30,'Old and new numbering'!$A$2:$A$49,'Old and new numbering'!$H$2:$H$49) -> 22 | E24: =LOOKUP('Old Sequence'!E30,'Old and new numbering'!$A$2:$A$49,'Old and new numbering'!$H$2:$H$49) -> 37 | F24: =LOOKUP('Old Sequence'!F30,'Old and new numbering'!$A$2:$A$49,'Old and new numbering'!$H$2:$H$49) -> 48 | G24: =LOOKUP('Old Sequence'!G30,'Old and new numbering'!$A$2:$A$49,'Old and new numbering'!$H$2:$H$49) -> 46
A25: 24 | B25: =LOOKUP('Old Sequence'!B31,'Old and new numbering'!$A$2:$A$49,'Old and new numbering'!$H$2:$H$49) -> 13 | C25: =LOOKUP('Old Sequence'!C31,'Old and new numbering'!$A$2:$A$49,'Old and new numbering'!$H$2:$H$49) -> 24 | D25: =LOOKUP('Old Sequence'!D31,'Old and new numbering'!$A$2:$A$49,'Old and new numbering'!$H$2:$H$49) -> 23 | E25: =LOOKUP('Old Sequence'!E31,'Old and new numbering'!$A$2:$A$49,'Old and new numbering'!$H$2:$H$49) -> 37 | F25: =LOOKUP('Old Sequence'!F31,'Old and new numbering'!$A$2:$A$49,'Old and new numbering'!$H$2:$H$49) -> 48 | G25: =LOOKUP('Old Sequence'!G31,'Old and new numbering'!$A$2:$A$49,'Old and new numbering'!$H$2:$H$49) -> 47
A26: 25 | B26: =LOOKUP('Old Sequence'!B19,'Old and new numbering'!$A$2:$A$49,'Old and new numbering'!$H$2:$H$49) -> 37 | C26: =LOOKUP('Old Sequence'!C19,'Old and new numbering'!$A$2:$A$49,'Old and new numbering'!$H$2:$H$49) -> 38 | D26: =LOOKUP('Old Sequence'!D19,'Old and new numbering'!$A$2:$A$49,'Old and new numbering'!$H$2:$H$49) -> 39 | E26: =LOOKUP('Old Sequence'!E19,'Old and new numbering'!$A$2:$A$49,'Old and new numbering'!$H$2:$H$49) -> 13 | F26: =LOOKUP('Old Sequence'!F19,'Old and new numbering'!$A$2:$A$49,'Old and new numbering'!$H$2:$H$49) -> 14 | G26: =LOOKUP('Old Sequence'!G19,'Old and new numbering'!$A$2:$A$49,'Old and new numbering'!$H$2:$H$49) -> 15
A27: 26 | B27: =LOOKUP('Old Sequence'!B20,'Old and new numbering'!$A$2:$A$49,'Old and new numbering'!$H$2:$H$49) -> 37 | C27: =LOOKUP('Old Sequence'!C20,'Old and new numbering'!$A$2:$A$49,'Old and new numbering'!$H$2:$H$49) -> 39 | D27: =LOOKUP('Old Sequence'!D20,'Old and new numbering'!$A$2:$A$49,'Old and new numbering'!$H$2:$H$49) -> 38 | E27: =LOOKUP('Old Sequence'!E20,'Old and new numbering'!$A$2:$A$49,'Old and new numbering'!$H$2:$H$49) -> 13 | F27: =LOOKUP('Old Sequence'!F20,'Old and new numbering'!$A$2:$A$49,'Old and new numbering'!$H$2:$H$49) -> 15 | G27: =LOOKUP('Old Sequence'!G20,'Old and new numbering'!$A$2:$A$49,'Old and new numbering'!$H$2:$H$49) -> 14
A28: 27 | B28: =LOOKUP('Old Sequence'!B21,'Old and new numbering'!$A$2:$A$49,'Old and new numbering'!$H$2:$H$49) -> 37 | C28: =LOOKUP('Old Sequence'!C21,'Old and new numbering'!$A$2:$A$49,'Old and new numbering'!$H$2:$H$49) -> 40 | D28: =LOOKUP('Old Sequence'!D21,'Old and new numbering'!$A$2:$A$49,'Old and new numbering'!$H$2:$H$49) -> 42 | E28: =LOOKUP('Old Sequence'!E21,'Old and new numbering'!$A$2:$A$49,'Old and new numbering'!$H$2:$H$49) -> 13 | F28: =LOOKUP('Old Sequence'!F21,'Old and new numbering'!$A$2:$A$49,'Old and new numbering'!$H$2:$H$49) -> 16 | G28: =LOOKUP('Old Sequence'!G21,'Old and new numbering'!$A$2:$A$49,'Old and new numbering'!$H$2:$H$49) -> 18
A29: 28 | B29: =LOOKUP('Old Sequence'!B22,'Old and new numbering'!$A$2:$A$49,'Old and new numbering'!$H$2:$H$49) -> 37 | C29: =LOOKUP('Old Sequence'!C22,'Old and new numbering'!$A$2:$A$49,'Old and new numbering'!$H$2:$H$49) -> 41 | D29: =LOOKUP('Old Sequence'!D22,'Old and new numbering'!$A$2:$A$49,'Old and new numbering'!$H$2:$H$49) -> 43 | E29: =LOOKUP('Old Sequence'!E22,'Old and new numbering'!$A$2:$A$49,'Old and new numbering'!$H$2:$H$49) -> 13 | F29: =LOOKUP('Old Sequence'!F22,'Old and new numbering'!$A$2:$A$49,'Old and new numbering'!$H$2:$H$49) -> 17 | G29: =LOOKUP('Old Sequence'!G22,'Old and new numbering'!$A$2:$A$49,'Old and new numbering'!$H$2:$H$49) -> 19
A30: 29 | B30: =LOOKUP('Old Sequence'!B23,'Old and new numbering'!$A$2:$A$49,'Old and new numbering'!$H$2:$H$49) -> 37 | C30: =LOOKUP('Old Sequence'!C23,'Old and new numbering'!$A$2:$A$49,'Old and new numbering'!$H$2:$H$49) -> 44 | D30: =LOOKUP('Old Sequence'!D23,'Old and new numbering'!$A$2:$A$49,'Old and new numbering'!$H$2:$H$49) -> 45 | E30: =LOOKUP('Old Sequence'!E23,'Old and new numbering'!$A$2:$A$49,'Old and new numbering'!$H$2:$H$49) -> 13 | F30: =LOOKUP('Old Sequence'!F23,'Old and new numbering'!$A$2:$A$49,'Old and new numbering'!$H$2:$H$49) -> 20 | G30: =LOOKUP('Old Sequence'!G23,'Old and new numbering'!$A$2:$A$49,'Old and new numbering'!$H$2:$H$49) -> 21
A31: 30 | B31: =LOOKUP('Old Sequence'!B16,'Old and new numbering'!$A$2:$A$49,'Old and new numbering'!$H$2:$H$49) -> 37 | C31: =LOOKUP('Old Sequence'!C16,'Old and new numbering'!$A$2:$A$49,'Old and new numbering'!$H$2:$H$49) -> 46 | D31: =LOOKUP('Old Sequence'!D16,'Old and new numbering'!$A$2:$A$49,'Old and new numbering'!$H$2:$H$49) -> 47 | E31: =LOOKUP('Old Sequence'!E16,'Old and new numbering'!$A$2:$A$49,'Old and new numbering'!$H$2:$H$49) -> 13 | F31: =LOOKUP('Old Sequence'!F16,'Old and new numbering'!$A$2:$A$49,'Old and new numbering'!$H$2:$H$49) -> 22 | G31: =LOOKUP('Old Sequence'!G16,'Old and new numbering'!$A$2:$A$49,'Old and new numbering'!$H$2:$H$49) -> 23
A32: 31 | B32: =LOOKUP('Old Sequence'!B17,'Old and new numbering'!$A$2:$A$49,'Old and new numbering'!$H$2:$H$49) -> 37 | C32: =LOOKUP('Old Sequence'!C17,'Old and new numbering'!$A$2:$A$49,'Old and new numbering'!$H$2:$H$49) -> 48 | D32: =LOOKUP('Old Sequence'!D17,'Old and new numbering'!$A$2:$A$49,'Old and new numbering'!$H$2:$H$49) -> 46 | E32: =LOOKUP('Old Sequence'!E17,'Old and new numbering'!$A$2:$A$49,'Old and new numbering'!$H$2:$H$49) -> 13 | F32: =LOOKUP('Old Sequence'!F17,'Old and new numbering'!$A$2:$A$49,'Old and new numbering'!$H$2:$H$49) -> 24 | G32: =LOOKUP('Old Sequence'!G17,'Old and new numbering'!$A$2:$A$49,'Old and new numbering'!$H$2:$H$49) -> 22
A33: 32 | B33: =LOOKUP('Old Sequence'!B18,'Old and new numbering'!$A$2:$A$49,'Old and new numbering'!$H$2:$H$49) -> 37 | C33: =LOOKUP('Old Sequence'!C18,'Old and new numbering'!$A$2:$A$49,'Old and new numbering'!$H$2:$H$49) -> 48 | D33: =LOOKUP('Old Sequence'!D18,'Old and new numbering'!$A$2:$A$49,'Old and new numbering'!$H$2:$H$49) -> 47 | E33: =LOOKUP('Old Sequence'!E18,'Old and new numbering'!$A$2:$A$49,'Old and new numbering'!$H$2:$H$49) -> 13 | F33: =LOOKUP('Old Sequence'!F18,'Old and new numbering'!$A$2:$A$49,'Old and new numbering'!$H$2:$H$49) -> 24 | G33: =LOOKUP('Old Sequence'!G18,'Old and new numbering'!$A$2:$A$49,'Old and new numbering'!$H$2:$H$49) -> 23
